"gid","featurecla","scalerank","name","name_abb","name_alt","note","delta","dam_name","year","admin","min_zoom","min_label","label","wikidataid","name_ar","name_bn","name_de","name_en","name_es","name_fr","name_el","name_hi","name_hu","name_id","name_it","name_ja","name_ko","name_nl","name_pl","name_pt","name_ru","name_sv","name_tr","name_vi","name_zh","ne_id","name_fa","name_he","name_uk","name_ur","name_zht","geom"
325,"Lake","9",NULL,NULL,NULL,"_untitled_308",NULL,NULL,-99,NULL,"7","8",NULL,NULL,NULL,NULL,NULL,NULL,NULL,NULL,NULL,NULL,NULL,NULL,NULL,NULL,NULL,NULL,NULL,NULL,NULL,NULL,NULL,NULL,NULL,"1159110823",NULL,NULL,NULL,NULL,NULL,"0106000020E61000000100000001030000000100000022000000CECF85AB869B57C0B8BA6120521F324011CDCB89439A57C0E030DB3DB62232404ADBD324C69957C0E8BC4636911E32404ADBD324C69957C0D0C7508AFB1132400B84F1E5109A57C00833E220531032406159D914899B57C04870CCB8DB0C324052E4090F2D9C57C028A9EC24E60A3240CFAFB3CEA09C57C080FE1CC7F50732404F3EA66F259D57C020A97D0B15023240F5A288C4BF9D57C0607DBB2285FF314078D7DE044C9D57C050883490C0FB3140099EE98C3D9D57C0902ECBA861F7314016309ED4A29D57C0803944169DF331405AED3FF9939E57C038D92BED80F13140389DE107A09E57C0D86B245ABBFC3140E2A727FC419E57C0E8F7FE6B67013240C03AE4C8449D57C048D9092023033240AF02CCE1D79D57C0A897555C1C0832409B273DF63F9D57C0E0251584070C3240C21DFF863B9C57C0089C8EA16B0F3240CECF85AB869B57C0C85EA409E3123240F6A5755F9C9B57C038EF48470D163240341A3DE05A9C57C050B628DB021832407D5D70C76D9D57C00833513A241932405AED3FF9939E57C0B097338FBE19324065B9BEC40BA157C0B097338FBE1932402825256767A157C080954E797F1A32408ACC659710A157C078C3F5774E1C32409941359D6CA057C0003E39C1301E3240F59F9B29E39F57C0B8BA6120521F3240890C0A51DC9E57C0D03B54ABF11E32403980FCC5969D57C0C88CBA21831D3240ECB6371C629C57C0B0747417FC1C3240CECF85AB869B57C0B8BA6120521F3240"
1174,"Reservoir","4","Kakhovka Reservoir","Kakhovka Res.",NULL,NULL,NULL,NULL,1956,NULL,"4","5","Kakhovka Reservoir","Q1540436","خزان كاخوفكا","কাখোভকা রিজার্ভার","Kachowkaer Stausee","Kakhovka","Kajovka","Kakhovka","Τεχνητή Λίμνη Κάκοβα","कखोवका जलाशय","Kakhovka-víztározó","Reservoir Kakhovka","Serbatoio di Kachovka","カホフカ貯水池","카호브카 저수지","Kakhovka","Zbiornik Kachowski","Represa de Kakhovka","Каховское водохранилище","Kachovka-reservoaren","Kakhovka Rezervuarı","chứa nước Kakhovka","卡霍夫卡水库","1159124989","مخزن سد کاخووکا","מאגר קאחובקה","Каховське водосховище","کاکھوا ریزروائر","卡霍夫卡水庫","0106000020E610000001000000010300000001000000F10000007C88649243A94140F8476EA58AC6474050EF2BFD1CA941401C9BB9315BC44740447A5CF7C0A94140D8DD170D6AC347409409571DE3A84140286D12338CC247408494871787A941407C65B9D9C6C047401CA759DE87A741407CC242D59BBF4740C42EFBAAE4A44140C0451A767ABE474094F24B1193A34140AC8A5D67C8BC4740A80A921B1AA441406C93F1BEC4B947409895C215BEA441400CB2E60A09B84740F030E0C023A441407059273BB2B747403C7AEDDDEFA0414008493A8AF0B84740DC98E229349F4140749F144408BA4740704208701C9E4140F06ABE037CBA4740F0D3E7AB7D9C4140D0DDA8F398BA4740C09738122C9B41407CAB37C94BBA47404086A14962984140C42E0F6A2AB94740083ECF2ACD96414008493A8AF0B847406C4E4DC2BD8C4140206DA319BBB947409C166854EA894140BC22ECE4E6B847400484DE0081874140589E6A2C00B64740908A8D423E85414068133A325CB54740188519FFB7824140CCBA7A6205B5474010BF7469F97B4140109BDBFEB8B2474054C2947D6F7641407C4E3FB4A5B247401028B2D04072414044E3AD1D4EB447400CCBB9BB9A6A4140206DA319BBB94740EC26999F6765414020A76D9DCDBB4740E077FF15F9634140AC8A5D67C8BC4740D425EF875F614140B473C17449C04740D88E9B08786041407C65B9D9C6C04740F83E70901D5D414064E4C64E27C147409C691948D4524140884E1DE747C44740CC8EBDD5D54E414060585B564CC54740D883D54EC949414064C107D764C44740B80274AA584141407C65B9D9C6C04740289FCC53F53B414050290A4075BF4740B8B12F0125314140F4EA7590E4BE4740548A3744132D4140E02FB98132BD4740D41B1780742B4140C068D9ED3CBB4740E8F99206E929414008493A8AF0B84740F4CBEB071A28414034A8A89B04B74740C4ECC5699D25414018843F0C3AB647406CBAE5257F1C414068133A325CB54740E491D437940B41403811551C1DB647403CAD3A569106414068133A325CB54740D4BF0C1D92044140D02327E31DB4474004C2F132D1034140FC8295F431B247404CE83FD8DA0341406413CB188BAC4740E4B493AF5608414064B6411DB6AD4740B4A6FA2DA51141408443572D99AD474078AFFD9E72174140C83AC3D59CB04740DCF9B4D3461841400855EEF562B04740E405D8588A1841403857D30BA2AF47409CDF89B38018414004B277F137AF474088C743A9F91741406859B821E1AE474040672B80DD1541409CC449B838AD4740C49B81C0691541406413CB188BAC4740C032D53F5116414034D71B7F39AB4740F8C094673C1A414078B77C1BEDA84740BC49E04BA11B4140F8485C574EA74740547F718A6416414034FADAF6FBA74740A477A917CE0B41400C3EE3E912AB47403CAD3A56910641409CE70830FBA947401CE65AC29B044140BCD1A73BB3A84740082B9EB3E9024140A816EB2C01A74740703B8B64AB014140A8DC20A9EEA447400CF1D32FD700414074B70D021CA0474030E795C0D2FF4040A8229F98739E4740BC904CEDE9F54040549335598096474030AD5C23EFF4404050F0BE54559547400C7DD00EE1F3404048AAD14BFF92474070EA46BB77F140403CFB37C2909147400C66C50291EE4040F03173185C904740BCF9895431EC404070C35254BD8E4740C46236D549EB40409C22C165D18C4740F4641BEB88EA404044AA62322E8A47403CE8F28B67E94040888AC3CEE187474088D476AD5EE74040B080855FDD864740EC41ED59F5E44040081CA30A438647405CC73AF741DA40403CCDB2901F7E4740D8EF6DB28AD94040F80F116C2E7D47405018A16DD3D84040B0AFF842127B47402073455369D8404040B6A784CF78474000E62F4386D840405CA0469087774740E49E073CF9DA4040A4231E31667647409855FA1E2DDE4040BCA410BC0576474018DB25EF1BE54040E83D49512C76474018DB25EF1BE5404038CD43774E75474050AF63068CE24040AC8CCAB17E754740B8288E1E95D740402C1EAAEDDF73474094558B055CD540409C3ABA23E5724740E84D32AC96D34040B01836AA5971474068DF11E8F7D140408C453391206F47402CE81459C5D740408C453391206F47401CAD0FD77BDA4040E4E0503C866E47405CC73AF741DA4040F8BECCC2FA6C47407CB1D902FAD840407CF32203876C474020397BCF56D640402C6428DD646D4740ACD67D90FBD44040F8BECCC2FA6C47405098E9E06AD440405C660DF3A36C47405C0DB9E6C6D34040C41971A8906C47409C846D0262D24040C41971A8906C4740B405608D01D2404008349CC8566C4740242270C306D14040683866F4D46A474048DEF8B61EC5404034930ADA6A6A4740E470820A88C7404070448979186B4740BC7AC0798CC84040C41971A8906C4740D092068413C940407021CA01566E47401450A8A804CA4040D002D5B511704740189695B15ACC40409897431FBA7147406CC806DCA7CC4040780A2E0FD77147403CC621C668CD4040B85E23B3AF734740AC1CFC7F80CE404048C2CA09137947401067B3B454CF4040A097B2388B7A4740F41F8BADC7D14040F80F116C2E7D47407CF757F27ED24040244CC005807E474068DF11E8F7D14040E8D40BEAE47F4740943E80F90BD040408C96773A547F47403CC621C668CD4040D4BCC5DF5D7F4740EC59E61709CB40407C21A834F87F47401450A8A804CA404080C41E3923814740580D4ACDF5CA4040A4F4AA4D31824740D858AB19D2CF40400CA80E031E82474068DF11E8F7D14040A49721525C834740242270C306D14040A02E75D14384474068DF11E8F7D14040209D9595E2854740F4595531DAD34040DCBC34F92E8847402C0BD4D087D4404008F9E39280894740FC08EFBA48D54040B023FC630888474068BC527035D54040F09AB07FA3864740ECF0A8B0C1D44040509F7AAB218547402C0BD4D087D44040A49721525C834740C434B1A3D8D740403012659B3E85474024AD7EF04CE34040604E834E618F474050E92D8A9EE44040A0A278F23991474018DB25EF1BE54040281DBC3B1C934740E435CAD4B1E44040245786BF2E95474074DFEF1A9AE34040488712D43C964740AC10B72DDFDF404078C3C16D8E97474004E69E5C57E1404088DB077815984740B456A43635E240406042CFE2EE974740D07A0DC6FFE24040C0E90F1398974740FCB6BC5F51E4404078C3C16D8E9747400820D8F93AEC404030E360D1DA9947408482445267F6404060D9917BA7A14740144375A49FFA40406059490810A6474054976A4878FC4040D89887CFA8AA47407C53625561F94040C0F4D5CC46AE47406875E6CEECFA40406859B821E1AE47407C30A3DD9EFC4040283F8D011BAF474088DF3C670DFE4040C4974CD171AF4740E41DD1169EFE40407C14753093B0474088DF3C670DFE4040281CCE8958B24740843CC662E2FC4040E8A4196EBDB34740387301B9ADFB404058FBF327D5B44740DC346D091DFB40409CB8954CC6B54740989A8A5CEEF64040F8D36A8494B947407C7621CD23F64040804EAECD76BB47402CC4672F3FFA4040804EAECD76BB47405CC64C457EF94040183EC11CB5BC47408825BB5692F74040B02DD46BF3BD474024DB0322BEF64040883712DBF7BE474010C3BD1737F640402C3348AF79C04740746AFE47E0F54040884E1DE747C447403050D3271AF64040F4A4F7A05FC5474010C3BD1737F640402CEDC9BFF4C6474024DB0322BEF64040903781F4C8C747403CFF6CB188F74040903781F4C8C747405CC64C457EF9404094FDB670B6C547400CDAC82387FB404080E570662FC547403CB9EEC103FE404094FDB670B6C547403C962F4A41014140E0C67B1AEBC64740F086ECB087064140D08B7698A1C947406423B473F5094140A089918262CA4740D0B358B11F0D4140BC73308E1AC94740E0A8DF43E4104140CC0BBF0B39C54740B4497132D0124140A0CF0F72E7C34740DC1C744B09154140D8DD170D6AC34740F0EE3B660B1C4140D8DD170D6AC34740B860EB57F1204140903781F4C8C74740B860EB57F120414040A886CEA6C84740D810C0DF961D4140C4B91D9770CB4740C0EC5650CC1C4140381C1BD6CBCC474014C23E7F441E41403CBF91DAF6CD474058B9AA27482141407064EDF460CE4740BC03625C1C224140ACDBA110FCCC47407CE9363C5622414088089FF7C2CA474034665F9B7723414040A886CEA6C84740DC6DB8F43C254140947D6EFD1ECA4740C88F3C6EC82641402CCA0A4832CA4740B0EB8A6B662A414040A886CEA6C847404C218BC3FA2D4140903781F4C8C74740B46B42F8CE2E4140E8D29E9F2EC7474074F48DDC33304140203E303686C547405C739B519430414038BF22C125C54740AC3C60FBC8314140EC98D41B1CC5474084469E6ACD324140F4A4F7A05FC5474090AFB904B73A414094DAF7F8F3C84740A0C7FF0E3E3B4140A4F23D037BC94740AC9958106F394140DCDD86263BCC474068B9F773BB3B4140F0F5CC30C2CC47404C89DA787E434140F801F0B505CD474018D8CAF2A14B414044CBB45F3ACE4740E40FB060754E41403CBF91DAF6CD4740C8C88759E850414064B5536BF2CC474068A1FEB5A7554140947D6EFD1ECA47406C664680D17241409C09DAF5F9C54740E448FB4B9578414050E38B50F0C5474034927782327E4140C845898F4BC74740ECEBE06991824140F824AF2DC8C947407C895244078A414000EB53C386D047408CDB62D2A08C4140D82E5CB69DD347409C2D73603A8F4140E4BA36C849D84740D075457FCF904140B838093F73DD47407437B1CF3E904140E451F96002E24740FCF77208A68B4140A04ED94C8CE747400C6D420E028B4140BC15B9E081E947401456A61B838E41404833732E8FEC474048FB0136ED8E414088AA274A2AEB47403C29A934BC904140C47E65619AE8474024A8B6A91C9141405C34AE2CC6E74740A87F83EED3914140842A70BDC1E64740A050A1F1CD94414004BC4FF922E54740DC0120917B954140A07198C44EE447407C5ADF60D29541406829C6A5B9E247400032ACA589964140D039B3567BE14740347A7EC41E984140B472D3C285DF47403011D2430699414020EC6CF45FDD4740000FED2DC799414010F7E5619BD94740D8182B9DCB9A4140C896CD387FD74740BC2E8C91139C41405034D0F923D6474008321BBF5A9F414094143196D7D347403C7AEDDDEFA0414060CC5E7742D24740A0C4A412C4A141404C11A26890D04740F8998C413CA341404891EADB27CC4740FC3C034667A44140A089918262CA4740FCDF794A92A5414018B2C43DABC947409872039EFBA7414040A886CEA6C847409409571DE3A84140903781F4C8C747407C88649243A94140F8476EA58AC64740"
51,"Lake","4",NULL,NULL,NULL,"_untitled_9",NULL,NULL,-99,NULL,"4","5",NULL,NULL,NULL,NULL,NULL,NULL,NULL,NULL,NULL,NULL,NULL,NULL,NULL,NULL,NULL,NULL,NULL,NULL,NULL,NULL,NULL,NULL,NULL,"1159107149",NULL,NULL,NULL,NULL,NULL,"0106000020E61000000100000001030000000100000021000000F825A059712B52C0FEEF7472C36B5440A330E64D132B52C005394F16F66B54409C582230FA3952C0C33EF6D2156B5440A1E1A08DF83752C0C6E16CD7406C54403DE9ED195B1952C0120CB17E5B6E5440D8F03AA6BDFA51C05E36F5257670544074F8873220DC51C0AA6039CD907254401000D5BE82BD51C0F68A7D74AB745440AC07224BE59E51C041B5C11BC6765440480F6FD7478051C08DDF05C3E0785440E316BC63AA6151C0D9094A6AFB7A54407F1E09F00C4351C025348E11167D5440D7D60BDD7B4351C025348E11167D54402F92FB64C74151C002E42F20227D544024090EEEF73A51C09F5CC1CC5E7C54405971B2E9723B51C0F8F7DE77C47B544067E39454F23C51C05193FC222A7B54409A681E92763E51C0B6FD8534E47A5440DC6A50F4285851C0271A966AE97954402EB7B9C5A25B51C0C492271726795440F1FF60F03B5F51C00953B6D6F37754401332ECED627D51C0B926D1C4E4755440366477EB899B51C069FAEBB2D5735440589602E9B0B951C019CE06A1C67154407AC88DE6D7D751C0C8A1218FB76F54409CFA18E4FEF551C078753C7DA86D5440BF2CA4E1251452C02849576B996B5440E15E2FDF4C3252C0D81C72598A695440B6C209AF493452C0CB6AEB343F6A5440FBE8E83A822B52C0B5AC418BB06A5440FBE8E83A822B52C0C33EF6D2156B54403DE3417E622C52C0C33EF6D2156B5440F825A059712B52C0FEEF7472C36B5440"
1271,"Alkaline Lake","8",NULL,NULL,NULL,"_untitled_84",NULL,NULL,-99,NULL,"6","7",NULL,NULL,NULL,NULL,NULL,NULL,NULL,NULL,NULL,NULL,NULL,NULL,NULL,NULL,NULL,NULL,NULL,NULL,NULL,NULL,NULL,NULL,NULL,"1159126309",NULL,NULL,NULL,NULL,NULL,"0106000020E6100000010000000103000000010000001C000000DE01D2F0BD206040B07C44B7B06037C0967EFA4FDF216040A8CD1947136837C0DA5B6E51B621604050EC7DAC286F37C07C5A91C0142160400823281CC57637C0E0C41AD2CE20604038BCCFCABC7F37C05647EAED0F216040C87C001DF58337C02A084EB9E1216040F0CFBAC2968A37C09C048C1201226040A82924AAF58E37C0A4139C3221206040E071F6C88A9037C0E6537365861A6040B887798A308037C06C6BE46309196040D8DAC416017E37C0A479ECFE8B186040104656AD587C37C0CA6FAE8F8717604060BE45C72A7637C04CE1BBEE02176040587858BED47337C07CA6E9E552166040F82DA189007337C0E21073F70C166040E0ACAEFE607337C0185C32B17E15604018F5801DF67437C07CC6BBC238156040A8411D68097537C074BA983DF514604070909EC85B7437C0DCAAB311D1146040B81376693A7337C0D824224FAF14604000974D0A197237C0887842E7831460400000FA8A317137C03629EC7A2D136040B0F047D8A66D37C02A973733C8126040E85BD96EFE6B37C0CE38D1A65113604018817DFCFF6737C0806C1F6240146040708547287E6637C032175ED901206040783472981B5F37C0DE01D2F0BD206040B07C44B7B06037C0"
184,"Lake","7",NULL,NULL,NULL,"_untitled_101",NULL,NULL,-99,NULL,"5.7","6.7",NULL,NULL,NULL,NULL,NULL,NULL,NULL,NULL,NULL,NULL,NULL,NULL,NULL,NULL,NULL,NULL,NULL,NULL,NULL,NULL,NULL,NULL,NULL,"1159108953",NULL,NULL,NULL,NULL,NULL,"0106000020E610000001000000010300000001000000180000009E03D69CF60F5CC0A05AFDC3E9BB44401586A5B837105CC088D90A394ABC444008D41E94EC105CC09C94C747FCBD4440E1FD2EE0D6105CC0DC8B33F0FFC04440E929244200105CC06C6F23BAFAC14440474BD3AF870F5CC0909FAFCE08C34440F6DBAA664B0F5CC0609DCAB8C9C3444084DF6C0D2C0F5CC0F4E96603DDC344401020E6D2FB0E5CC0A0B7F5D88FC344401E95B5D8570E5CC0B02CC5DEEBC24440505AE3CFA70D5CC0183DB28FADC14440CD455F6C010D5CC0483F97A5ECC044404F7AB5AC8D0C5CC0C067CA6035C04440D57154CE2A0C5CC0C8D076E14DBF4440ABD81B39040C5CC0ACAC0D5283BE4440ABD81B39040C5CC0B415BAD29BBD44401B1211B1120C5CC090E52DBE8DBC44408FD197EB420C5CC05434AF1EE0BB44405400476FAF0C5CC0A05AFDC3E9BB444069BB037E610E5CC0B87E6653B4BC4440F31862853A0F5CC0B87E6653B4BC4440B9471109A70F5CC01C26A7835DBC44409A7D44DAD40F5CC07CCDE7B306BC44409E03D69CF60F5CC0A05AFDC3E9BB4440"
1272,"Alkaline Lake","8","Lake Neale","L. Neale",NULL,NULL,NULL,NULL,-99,NULL,"6","7","Lake Neale","Q8878462","بحيرة نيل","লেক নিয়েলে","Lake Neale","Neale","Lago Neale","Neale","Λίμνη Νιλ","नेले झील","Neale-tó","Danau Neale","Lake Neale","ニール湖","레이크 닐","Lake Neale","Lake Neale","Neale","озеро Нил","Neale","Neale Gölü","Hồ Neale","尼尔湖","1159126323","دریاچه نیِل","אגם ניל","озеро Ніл","جھیل نیالے","尼爾湖","0106000020E610000001000000010300000001000000240000008C51173CF241604030E42FEA685738C07856B6737442604060C35588E55938C01EF84FE7FD426040082838DD7F5A38C0E8AC902D8C436040A074D427935A38C0D67478461F446040D82553C7405B38C01226F7E5CC44604008057965BD5D38C0BA4A35819B47604060F1DAB9566D38C07CB69B23F74760408095FBD5897238C02C4773DABA476040A80B75F3ED7538C00ADA2FA7BD46604058D903C9A07538C0E4062D8E844460409839ADD8EB6E38C0A4CF1C2CB543604020D7AF99906D38C0683E7069ED416040B88CF864BC6C38C02C8DF1C93F4160404893A7A6796A38C0B0A462C8C23F6040B83BB4BB885C38C000345DEEE43E6040F832B14ABB5638C072506D24EA3D6040A88CAB18495238C04A9A4F4DBA3C6040004B883B714E38C0B2AD299958396040B8C74181C14638C0007ADBDD6938604068213C4F4F4238C00A86FE62AD386040B8307FE8083D38C02CD65C54A1386040B80269D0683238C0A095E38ED13860405072C4923E2F38C04C40B3ECC13B60405072C4923E2F38C0F2E14C604B3C6040A8EA22C6E13138C052A672D2FD3C6040301FE81F3F3A38C0D2346573823D6040187B361DDD3D38C0BC53FC5131416040A0D2BAEEFC4238C0406880B5D741604058E636CD054538C0F27EE92EBD4160401812F9B5954738C0A04C780470416040E03DBB9E254A38C0BA90B37020416040B8EA6F12554C38C0FE6D2772F7406040C899099CC34D38C00031705308416040B0F55799615138C0E429EC0547416040B83B45A2B75338C08C51173CF241604030E42FEA685738C0"
437,"Lake","9","Lake Plétipi","L. Pltipi",NULL,NULL,NULL,NULL,-99,NULL,"7","8","Lake Plétipi","Q3215139","بحيرة بليتيبي","লেক প্লেতিপি","Plétipi","Plétipi","Lago Plétipi","Plétipi","Λίμνη Πλετίπι","लेक प्लेटिपी","Plétipi-tó","Danau Pletipi","Lake Plétipi","プレピティ湖","레이크 플레티피","Lac Plétipi","Jezioro Plétipi","Lago Plétipi","озеро Плетипи","Plétipi","Plétipi Gölü","Hồ Plétipi","普莱蒂皮湖","1159112523","دریاچه پلتیپی","אגם פלטיפי","озеро Плетіпі","جھیل پلیٹپی","普雷帝皮湖","0106000020E61000000100000001030000000100000072000000E8B5989A457E51C014DDC7D35BCC49409666422EEF7C51C05C609F743ACB4940B450E139A77B51C050B105EBCBC94940E08C90D3F87C51C0A84C239631C94940124FD12F6C7E51C0F815E83F66CA494061DBDEBAB17F51C0D4C29CB395CC49400F899BB37E8051C0242FD861F5CE494043F13FAFF98051C01CDD36ED2CD549407DDF756D968151C0282F477BC6D74940D577A67D1F8351C024C69AFAADD84940A02FD45E8A8151C08856D01E07D349405183F4F65E8151C07CA7369598D149405A8F177CA28151C030DE71EB63D04940BFD9CEB0768251C03CB0CAEC94CE4940A10F0282A48251C0D86513B8C0CD4940A10F0282A48251C00CF463C6DAC8494081621A95DB8351C01C46745474CB4940EFB8F44EF38451C0806D6C1186CF4940D73702C4538551C05048C88384D349402504B408658451C0CC4D3CC70AD649402504B408658451C0E471A556D5D64940FE0DF277698551C0DC6582D191D6494090B42A23758651C08027EE2101D649406438D7CF578751C0A81DB0B2FCD449409B63C4ACE38751C070D5DD9367D3494030B060F7F68751C0B4B53E301BD14940215B63CE808751C00CAEE5D655CF4940176F1226238651C014DDC7D35BCC494026C122B4BC8851C0646CC2F97DCB4940E7496E98218A51C0B4FBBC1FA0CA494013A6EF0E598A51C0D4E55B2B58C94940DE3D4B13DE8951C09C9D890CC3C74940FB44CF609F8951C080D6A978CDC54940B7675B5FC88951C0849CDFF4BAC34940AD781D1C8E8A51C04448EA50E2C14940AD584B3FA88B51C0786DFDF7B4C6494070E483BEE98A51C0804AAD99C3D249407387FAC2148C51C0A8FAF03A3AD84940B5815306F58C51C0C4C1D0CE2FDA494083BC250FA58D51C0E488B06225DC49401F529CFDEA8D51C0F0374AEC93DD4940446543D0EF8D51C0D4F021E506E0494023D82DC00C8E51C028C609147FE149405A031B9D988E51C0300CF71CD5E3494036D0A1EDAD8F51C00850FF0FECE649401AA94BC3069151C0CC7BC1F87BE94940DC3197A76B9251C09C79DCE23CEA4940AFF5E70D1A9151C0B840BC7632EC49408AE2403B159151C084D52AE0DAED4940C10D2E18A19151C0A0F9936FA5EE4940F1EF4051FA9151C0D8079C0A28EE494022D2538A539251C0ACCBEC70D6EC49408559C2DD169351C0E4D9F40B59EC4940E8E03031DA9351C058997B4689EC494018C3436A339451C070BDE4D553ED49408C82CAA4639451C0E81FE214AFEE494077C420FBD49451C0E81FE214AFEE494063C9BF32579551C0AC6E637501EE4940C0E4946A259951C0486A2A30B2E64940FE388A0EFE9A51C0A86EF45B30E549407CE461F18B9C51C0D84D1AFAACE749407ECA694A5F9951C0F414FA8DA2E9494091E59CEFC29751C008D0B69C54EB49404C28FBCAD19651C0583CF24AB4ED4940C7305CA9349751C07803D2DEA9EF49408B7CF06EAA9851C04801EDC86AF0494092A20B9B1A9C51C0B4B4507E57F04940FE388A0EFE9A51C08CBE8EED5BF14940A3DD101D649951C01CA27EB756F24940236FF058C59751C070D4EFE1A3F2494046DF20279F9651C02C174EBDB2F149406A129AD6899551C04498404852F14940847994BAFC9151C0E493761CD4F249407607B24F7D9051C02C174EBDB2F1494051F7F717558E51C0944AFAE536ED49400C5A28D0498C51C0B41D8EE59EE64940A0C696F7428B51C03CBB90A643E549406A7EC4D8AD8951C0543C8331E3E449404D9425CDF58A51C0981CE4CD96E24940C97FA1694F8A51C0F47D37F5E9DF4940D714434C918851C0903380C015DF49404CD7B6219E8651C0D8360FEE5CE2494012E693C8248851C04081C62231E349404BD4C986C18851C088A714C83AE34940E3E69B4DC28651C040243D275CE4494041084BBB498651C03CBB90A643E5494078333898D58651C0105C22952FE749402C2ACF34D58751C0784950CE2EE949400D600206038851C0A485FF6780EA494044ABC1BF748751C0FC5AE796F8EB4940A48FB90E0D8751C0889B605CC8EB4940FB678ED8618651C04CEAE1BC1AEB4940700A30D1888551C0646BD447BAEA49407673DC51A18451C0C8B58B7C8EEB4940598C2AE1C58351C0A0BFC9EB92EC494015CF88BCD48251C0F4F13A16E0EC4940B2471A69118251C0B840BC7632EC49405E15A93EC48151C09C79DCE23CEA4940E149FF7E508151C0B0575869B1E84940D83DDCF90C8151C0105C22952FE7494066419EA0ED8051C090ED01D190E549401EDE98DCF48051C06CE0343445E14940AFA4A364E68051C0302FB69497E049405B72323A998051C0F47D37F5E9DF4940DEA6887A258051C070A66AB032DF4940AC012D60BB7F51C0F0DAC0F0BEDE49408268F4CA947F51C0D04DABE0DBDE494086EE858DB67F51C00C45A86F0ED94940C3821FEB5A7F51C0609AD8111ED64940DA23E452E07D51C000B9CD5D62D449400017B948FF7E51C0F40934D4F3D2494088D1A04BAD7E51C0B4B53E301BD149404FE36A8D107E51C090E23B17E2CE4940E8B5989A457E51C014DDC7D35BCC4940"
1001,"Lake","9",NULL,NULL,NULL,"_untitled_176",NULL,NULL,-99,NULL,"7","8",NULL,NULL,NULL,NULL,NULL,NULL,NULL,NULL,NULL,NULL,NULL,NULL,NULL,NULL,NULL,NULL,NULL,NULL,NULL,NULL,NULL,NULL,NULL,"1159122349",NULL,NULL,NULL,NULL,NULL,"0106000020E610000001000000010300000001000000230000000834526EC7D43340BAA248A8811A5140C0247EEEDEE233406E7CFA02781A5140D8F6B422B2F2334016049CCFD4175140E0C89E0A12E8334074254B3D5C175140B08DDD2284C733405C64B4F8F019514028CDACD04BC333400CD5B9D2CE1A5140E83EEDA860BF3340E6DEF741D31B51404866764CA1BA3340261608A4A21C5140B0C895585AAA334028B97EA8CD1D514000139127EA873340E6BB38CA101F5140D8FA8EB71E6433408A5AE5A2BD215140D8868B962857334034623EFC8223514000890193964D334066079A16ED2351407826B707C8313340DAC620511D245140585FD773D22F3340BA390B413A24514018AE58D4242F3340E858D5988224514060C883F4EA2E33403C8B46C3CF245140B863A19F502E3340D45D74D0042551401817963B6C25334068C7F55C212651406003AB43921A3340E00C0E5A73265140B035AD540E123340F2245464FA26514058494B007502334092208A387C285140D035D8D3233E334016789FF0CA24514068B06869795A33406A8D2BD90E245140F0B43B47AF96334000E0A159DB1F5140C8E0DB62E1AA3340D84669C4B41F51405038CF4DD2B833407A25BA562D2051409080108638C33340D84669C4B41F5140A0759718FDC63340D84669C4B41F51400892C91B60B4334044DDE737981E514040660733D0B133409E7805E3FD1D5140788B1ADAA2B6334018A1389E461D514048713C0650D13340261608A4A21C514090F413A72ED03340861AD2CF201B51400834526EC7D43340BAA248A8811A5140"
631,"Lake","7",NULL,NULL,NULL,"_untitled_137",NULL,NULL,-99,NULL,"5.7","6.7",NULL,NULL,NULL,NULL,NULL,NULL,NULL,NULL,NULL,NULL,NULL,NULL,NULL,NULL,NULL,NULL,NULL,NULL,NULL,NULL,NULL,NULL,NULL,"1159115957",NULL,NULL,NULL,NULL,NULL,"0106000020E6100000010000000103000000010000009C000000385C31ADC8F94E4060F4E5353521474080BC49D6E4FB4E40BC327AE5C5214740AC55826B0BFC4E40B88F03E19A204740AC55826B0BFC4E405C516F310A20474080BC49D6E4FB4E400013DB81791F4740983D3C6184FB4E40CC6D7F670F1F4740E8CC3687A6FA4E4050A2D5A79B1E4740004E291246FA4E40FC6F647D4E1E47408C8EA2D715FA4E406017A5ADF71D4740DC1D9DFD37F94E4098EBE2C4671B4740D4117A78F4F84E40684687AAFD1A4740C4F9336E6DF84E40542E41A0761A4740D06E0374C9F74E40D86297E0021A47404C97362F12F74E40F0E3896BA2194740C4BF69EA5AF64E4030FEB48B6819474070EA81BBE2F44E4094A5F5BB11194740D091C2EB8BF44E40AC26E846B118474070EA81BBE2F44E4090027FB7E61747402CD0569B1CF54E403CD00D8D99174740ECB52B7B56F54E40A0774EBD421747408002C8C569F54E40001F8FEDEB164740A08FDDD54CF54E40D07933D3811647409883BA5009F54E407C47C2A834164740B004ADDBA8F44E40743B9F23F1154740C8859F6648F44E40007C18E9C015474094E0434CDEF34E40D4E2DF539A154740C4E228621DF34E4020092EF9A315474054E9D7A3DAF04E40D07933D381164740D81D2EE466F04E40D07933D381164740DC86DA647FEF4E40A4E0FA3D5B16474060BB30A50BEF4E40A4E0FA3D5B164740783C2330ABEE4E40D07933D381164740C0BFFAD089ED4E402CB8C78212174740F0C1DFE6C8EC4E40E89D9C624C174740D49D7657FEEB4E4034C4EA075617474098ECF7B750EB4E4074DE15281C1747401C214EF8DCEA4E40D07933D38116474014152B7399EA4E40007C18E9C015474074BC6BA342EA4E40388A208443154740ACCA733EC5E94E40500B130FE314474028F3A6F90DE94E40B0B2533F8C144740889AE729B7E84E40A8A630BA4814474014DB60EF86E84E405474BF8FFB134740346876FF69E84E40D09CF24A44134740C0A8EFC439E84E40E81DE5D5E3124740A88486356FE74E40EC869156FC114740C00579C00EE74E40CCF97B4619124740403ACF009BE64E409CF79630DA12474050AF9E06F7E54E40800DF82422144740FC7C2DDCA9E54E4048FFEF899F14474014FE1F6749E54E4004E5C469D91447404C0C2802CCE44E40983161B4EC144740F0CD93523BE44E4004E5C469D91447401421DFDE0BE24E40145A946F3514474034F472DE73DB4E40F8352BE06A13474058A4476619D84E40F8352BE06A134740C07A6A93C8D44E407401D59FDE134740B062248941D44E407401D59FDE134740943EBBF976D34E40D8A815D087134740E4CDB51F99D24E409CF79630DA124740F4428525F5D14E4080D32DA10F12474060F6E8DAE1D14E4068AFC41145114740CC4CC394F9D24E4074249417A11047402C2ECE48B5D44E40E0D7F7CC8D10474098BE7286DFD74E40147D53E7F710474070C8B0F5E3D84E408030B79CE41047404CD2EE64E8D94E402CFE4572971047409C04608F35DA4E40B0329CB223104740102170C53AD94E409C1A56A89C0F47404CBBE35898D44E4070DEA60E4B0E4740E8702C24C4D34E40885F9999EA0D474074B1A5E993D34E4080537614A70D47409C4ADE7EBAD34E4098D4689F460D4740D8FB5C1E68D44E4044A2F774F90C4740D492B09D4FD54E40F87BA9CFEF0C47401C50C1DB11DF4E40B49B48333C0F4740640D630003E04E40F4B57353020F47407425A90A8AE04E40B0F8D12E110E474094B2BE1A6DE04E40B0555B2AE60C4740606AECFBD7DE4E40D00530B28B0947404423C4F44AE14E404CD1D971FF094740F83640D353E34E404CD1D971FF09474004E6D95CC2E44E408CEB0492C5094740DCEF17CCC6E54E40E886223D2B094740DCEF17CCC6E54E40300AFADD090847405C81F70728E44E404045FF5F53054740E0B54D48B4E34E40207E1FCC5D0347408C83DC1D67E34E40C43F8B1CCD024740F02A1D4E10E34E40BC3368978902474008AC0FD9AFE24E40740D1AF27F0247408CA69B9529E04E40A4B2750CEA024740285CE46055DF4E405C8C2767E00247400C387BD18ADE4E409CA65287A6024740342E3D6286DD4E404068BED7150247408CC95A0DECDC4E40244455484B014740FCE56A43F1DB4E40E8EF5FA472FF4640402355DB79D84E40248AD337D0FA46400472D63BCCD74E40E8D8549822FA464084A62C7C58D74E402CF37FB8E8F94640C8C0579C1ED74E4008666AA805FA46409C271F07F8D64E40F4E4771D66FA4640C0B43417DBD64E40D034A395C0FD4640941BFC81B4D64E40CCCBF614A8FE464078F792F2E9D54E40ACE15709F0FF464098E131FEA1D44E400C20ECB880004740A01014FBA7D14E401C3832C30701474074D4646156D04E407876C67298014740DCE4511218CF4E40DCC07DA76C02474000389D9EE8CC4E40FC875D3B62044740BC7AFB79F7CB4E40485122E596054740E8D9698B0BCA4E4054DDFCF6420A47404881AABBB4C94E4068F54201CA0A4740C8128AF715C84E4010FD9B5A8F0C4740C0066772D2C74E408CC8451A030D4740E0937C82B5C74E400C94EFD9760D4740605F264229C84E40042B43595E0E4740386964B12DC94E40AC8F25AEF80E4740C8EFCA7F53CB4E40A426792DE00F4740282E5F2FE4CB4E406C1871925D104740B44B197DF1CE4E40F8352BE06A1347400CC477B094D14E40AC49A7BE73154740888F217008D24E40BC61EDC8FA1547404875F64F42D24E4018A081788B164740FC4EA8AA38D24E402CB8C782121747400CC477B094D14E40808DAFB18A1847401CDCBDBA1BD24E407C2403317219474074B1A5E993D34E405C97ED208F1947406C82C3EC8DD64E40BC3E2E5138194740D0CC7A2162D74E40548BCA9B4B194740ECF0E3B02CD84E4010719F7B8519474070C8B0F5E3D84E4064A310A6D219474064F657F4B2DA4E40FC9223F5101B47400C5B3A494DDB4E40BC78F8D44A1B4740480CB9E8FADB4E40BC78F8D44A1B47404CAF2FED25DD4E40603A6425BA1A474034D1B366B1DE4E40D056745BBF1947408CA69B9529E04E4094A5F5BB1119474064B0D9042EE14E40548BCA9B4B194740B8E24A2F7BE14E408C3C493BF919474080D44294F8E14E4000369AF93B1C4740B4799EAE62E24E403CE71899E91C4740C491E4B8E9E24E406C8C74B3531D47400043635897E34E402C7249938D1D47401C67CCE761E44E40C0BEE5DDA01D47403CD1228082E74E40D83FD868401D47406001AF9490E84E40D83FD868401D4740380BED0395E94E404CFF5EA3701D47407CC88E2886EA4E40EC571E73C71D4740785FE2A76DEB4E406823C8323B1E47404CA3EA9A84EE4E4044D07CA66A204740483A3E1A6CEF4E402C4F8A1BCB204740D81D2EE466F04E40A00E1156FB20474064011EAE61F14E40EC345FFB0421474018159A8C6AF34E40C09B2666DE204740F0FB1884ACF74E40C09B2666DE204740385C31ADC8F94E4060F4E53535214740"
742,"Lake","9","Laguna Ragaguado","Lag. Ragaguado",NULL,NULL,NULL,NULL,-99,NULL,"7","8",NULL,NULL,"بحيرة راجاغوادو","লাগুনা রাগাগুয়াদো","Laguna Ragaguado","Laguna Rogaguado","Lago Rogaguado","Laguna Ragaguado","Λαγκούνα Ραγκαγουάντο","लगुना रगागुआडो","Laguna Ragaguado","Laguna Ragaguado","Laguna Ragaguado","ラガグアド湖","라구나 라가과도","Laguna Ragaguado","Laguna Ragaguado","Lago Ragaguado","озеро Рогагуадо","Laguna Ragaguado","Laguna Ragaguado","Hồ Ragaguado","拉加瓜多湖","1159117959","لاگونا راگاگوآدو","אגם ראגואדו","Лагуна Рагагвадо","لاگونا راگاگواڈو","拉加瓜多湖","0106000020E610000001000000010300000001000000370000003FE2E8CC825E50C020A9F0A802F929C038990E29505E50C0B06921FB3AFD29C0ED72C083465E50C0206372B97DFF29C082BF5CCE595E50C0C05EA88DFF002AC08BCB7F539D5E50C0E0258821F5022AC0621275E1905F50C02086A04A11052AC0DB578DDEE25F50C0404D80DE06072AC0BACA77CEFF5F50C0407B27DDD5082AC08AE86495A65F50C0409E556E690E2AC0AB757AA5895F50C05093DC002E122AC06B1E9866D45F50C0C023813E58152AC0BACA77CEFF5F50C010ED45E88C162AC0CEA506BA976050C0B051283D27172AC0C8396D9EA26350C0A0397319CF0D2AC096743FA7526450C0C0AF7D1D62082AC0ADF24497156650C0907F13D6B1F529C021B2CBD1456650C010FAE705C3EE29C0AB2FFCB5046650C0006E0DF416EA29C0E5004D32986550C070ADDCA1DEE529C0BAA4CBBB606550C09023E7A571E029C0A223D930C16550C010C10B3474CD29C07FD37A3FCD6550C0B0483EE7FFC129C016E35F6BF16550C090F583415EBB29C084393A25096750C0B0D43AC609B529C08F08A68B5D6750C08018D49F4FAF29C0DEB485F3886750C010FC545079A729C034AA3FFFE66750C020142C412F9F29C07A4AFCE1CE6750C0205AAA30B49829C057FA9DF0DA6750C02009D5A0519129C0C2AD01A6C76750C010E6A60FBE8B29C028DBD398926750C0105ACCFD118729C01B491F512D6750C070C742AAA88429C0107AB3EAD86650C0A0C927C0E78329C0E097A0B17F6650C070C742AAA88429C07EF34C1CB36450C030AD86A3B38D29C04C51DE9C256250C02009D5A0519129C0CDC2EBFBA06150C010377C9F209329C09FA321A4586150C0A0F7ACF1589729C00EDD161C676150C0900D7DFF71A129C0985A4700266150C020140A74D1B029C08D8BDB99D16050C03009910696B429C0E8E94126486050C080D255B0CAB529C01F3501E0B95F50C0D004C7DA17B629C034F3AA89485F50C0D0326ED9E6B729C0C5B9B5113A5F50C0B08EBCD684BB29C0A8B231C4785F50C0404FED28BDBF29C042855FD1AD5F50C0807400D08FC429C0621275E1905F50C090230973CFCE29C01C72B8FEA85F50C0F0E154AFC8D329C0A8B231C4785F50C0F06D2FC174D829C041A531AE935E50C09023E7A571E029C082BF5CCE595E50C0507D508DD0E429C06A3E6A43BA5E50C04093209BE9EE29C0452BC370B55E50C0101D169756F429C03FE2E8CC825E50C020A9F0A802F929C0"
